"","Parkname","gnis_id","Count","TotalValue","lon","lat","Gnis Id"
"1","Abraham Lincoln Birthplace","496556",10,1940962,-85.6444254945526,37.6119830654186,"496556"
"2","Adams","1888899",10,2196319,-71.0125499645413,42.2566028071673,"1888899"
"3","African Burial Ground","2060434",7,554291,-74.0043303610801,40.7145577358025,"2060434"
"4","Agate Fossil Beds","826917",10,125829,-103.744009154185,42.4214793207314,"826917"
"5","Alibates Flint Quarries","1377214",10,43903,-101.671717666903,35.5819656012028,"1377214"
"6","Allegheny Portage Railroad","1214216",10,1359438,-78.5318637936133,40.4467794170991,"1214216"
"7","Andersonville","310534",10,1299637,-84.1298941097652,32.1983097330623,"310534"
"8","Andrew Johnson","1304837",10,517177,-82.8381443792622,36.1553700408945,"1304837"
"9","Aniakchak","1416034",40,2836,-158.11781163195,56.8956143242121,"1416034"
"10","Aniakchak","1416034",40,2836,-157.720746026847,56.8657089122263,"1416034"
"11","Antietam","589057",10,3765950,-77.7380759692048,39.4701632161484,"589057"
"12","Apostle Islands","1581059",10,1866946,-90.5795576757774,46.9367323910659,"1581059"
"13","Appomattox Court House","1462531",10,2621466,-78.8008967688407,37.3827556410728,"1462531"
"14","Arches","1455716",10,11263626,-109.58637758463,38.7226244095915,"1455716"
"15","Arkansas Post","2733432",10,364456,-91.3473337597439,34.0207319423128,"2733432"
"16","Arlington House","1888900",10,6203861,-77.0727292211596,38.8832756571887,"1888900"
"17","Aztec Ruins","885961",10,436658,-107.999934946495,36.8368279755016,"885961"
"18","Badlands","1265096",10,9144314,-102.393955095558,43.8340695663258,"1265096"
"19","Bandelier","928874",10,1852772,-106.305444434084,35.7576123337358,"928874"
"20","Bent's Old Fort","2559483",10,264907,-103.426659478243,38.03978174052,"2559483"
"21","Bering Land Bridge","1416037",10,20605,-164.408700937522,65.9608577743328,"1416037"
"22","Big Hole","779820",10,432746,-113.645857205308,45.6464796129953,"779820"
"23","Big Thicket","1888902",10,1251606,-94.2316268600623,30.3408805375378,"1888902"
"24","Bighorn Canyon","767934",10,2272635,-108.026415221663,45.2890956746912,"767934"
"25","Biscayne","294450",10,5116017,-80.2102411862698,25.4905916099637,"294450"
"26","Black Canyon of the Gunnison","203271",10,1894543,-107.725746091739,38.5790819188051,"203271"
"27","Booker T. Washington","1477005",10,229547,-79.7318771572578,37.1148209634707,"1477005"
"28","Boston","600140",10,23387416,-71.055749791475,42.3733862490123,"600140"
"29","Boston African American","1888904",10,3583146,-71.0706410284666,42.3579042995954,"1888904"
"30","Brown v. Board of Education","2510335",10,209039,-95.6764153398136,39.0379395230748,"2510335"
"31","Bryce Canyon","1450197",10,14097635,-112.182680298497,37.5839970829733,"1450197"
"32","Buck Island Reef","1613756",10,369968,-64.6222157081978,17.8102699171725,"1613756"
"33","Buffalo","74272",10,13661862,-92.9181128974667,35.9686507182293,"74272"
"34","Cabrillo","255957",10,8357526,-117.241610458815,32.6722550525989,"255957"
"35","Canaveral","307730",10,11904708,-80.7541709214576,28.7863531616207,"307730"
"36","Cane River Creole","2733428",10,275285,-93.0073052043444,31.6644474083247,"2733428"
"37","Canyon de Chelly","44981",10,8262851,-109.340077989785,36.0940610356443,"44981"
"38","Canyonlands","1448008",10,5068647,-109.877014972081,38.243557436626,"1448008"
"39","Cape Cod","606900",10,44982224,-70.0051945203401,41.9604789255329,"606900"
"40","Cape Krusenstern","1416038",10,73494,-163.504381749306,67.4153000898597,"1416038"
"41","Capitol Reef","1434866",10,7237883,-111.2830148968,38.3836736152223,"1434866"
"42","Capulin Volcano","936867",10,503939,-103.971052266268,36.7817170145669,"936867"
"43","Carl Sandburg Home","1006677",10,720882,-82.4509702189569,35.2682502320418,"1006677"
"44","Carlsbad Caverns","904780",10,4115530,-104.553121383071,32.1409515790057,"904780"
"45","Casa Grande Ruins","44811",10,722415,-111.532549211565,32.9970309044297,"44811"
"46","Castillo de San Marcos","307911",10,7308088,-81.3121748711096,29.8978626813,"307911"
"47","Castle Clinton","945983",10,39010596,-74.0168070314038,40.7034862041949,"945983"
"48","Catoctin Mountain Park","583623",10,3226847,-77.4612238024128,39.648221233114,"583623"
"49","Cedar Breaks","1439558",10,6118661,-112.845169394108,37.6354158173578,"1439558"
"50","Cesar E. Chavez","2754548",4,44875,-118.561590435894,35.2272988551623,"2754548"
"51","Chaco Culture","936878",10,416513,-107.9481181345,36.0450005713282,"936878"
"52","Chamizal","1888906",10,1577018,-106.45441086467,31.7673014738757,"1888906"
"53","Channel Islands","1662323",10,3055406,-119.739669210979,34.0165780113139,"1662323"
"54","Charles Pinckney","1252725",10,463535,-79.8248786427841,32.8457803164329,"1252725"
"55","Charles Young Buffalo Soldie","2736075",2,14204,-83.8946058367451,39.7080131986728,"2736075"
"56","Chickasaw","1101907",10,12972992,-97.0070248747869,34.4605287396326,"1101907"
"57","Chiricahua","2877",10,503482,-109.341617341199,32.0121512243359,"2877"
"58","Christiansted","1993781",10,1144972,-64.739963182383,17.7340584425834,"1993781"
"59","City of Rocks","401309",10,952204,-113.71242200634,42.0699084304126,"401309"
"60","Clara Barton","2733426",10,140395,-77.1400992233062,38.9676366156605,"2733426"
"61","Colonial","1478412",10,33349785,-76.5316662684315,37.2379097319475,"1478412"
"62","Colorado","202252",10,4315323,-108.692081780026,39.0504562319378,"202252"
"63","Congaree","2035095",10,1166284,-80.7486811935812,33.7918818035493,"2035095"
"64","Coronado","40512",10,1136477,-110.256167899296,31.3490088782735,"40512"
"65","Cowpens","1247412",10,2176703,-81.8093578517164,35.1316133683138,"1247412"
"66","Crater Lake","1163670",10,5079872,-122.132759555073,42.9412317491197,"1163670"
"67","Cumberland Gap","490476",10,8633517,-83.6063607034253,36.6312718319302,"490476"
"68","Curecanti","196412",10,9354652,-107.167349525566,38.4628571338135,"196412"
"69","Cuyahoga Valley","1066328",10,23858615,-81.5690586772722,41.2613422148108,"1066328"
"70","Dayton Aviation Heritage","1083940",10,650189,-84.0644262901469,39.8039752576818,"1083940"
"71","De Soto","294586",10,2975508,-82.6433576005923,27.5227311954314,"294586"
"72","Death Valley","857501",10,9825254,-117.129781852971,36.4782299033213,"857501"
"73","Denali","2760439",40,18531736,-152.439767691493,63.4780330475578,"2760439"
"74","Denali","2760439",40,18531736,-150.730232888547,63.34824037128,"2760439"
"75","Devils Postpile","266641",10,1112301,-119.087698783799,37.6153809890088,"266641"
"76","Devils Tower","2733421",10,4131239,-104.715644848742,44.5906536181037,"2733421"
"77","Dinosaur","169567",10,2471826,-108.839490177716,40.4791390407833,"169567"
"78","Dry Tortugas","307632",10,634253,-82.871786918988,24.6488555062147,"307632"
"79","Edgar Allan Poe","1888911",10,143355,-75.1500079642263,39.9619628856201,"1888911"
"80","Edison","874901",10,427309,-74.2398224988192,40.7859790204677,"874901"
"81","Effigy Mounds","456249",10,784027,-91.2082760191327,43.0913960972618,"456249"
"82","Eisenhower","1888912",10,604580,-77.2650833376776,39.7957835668179,"1888912"
"83","El Morro","906062",10,485740,-108.346408779265,35.0389647041269,"906062"
"84","Eleanor Roosevelt","1888914",10,558474,-73.9006090250387,41.7633868273353,"1888914"
"85","Eugene O'Neill","1888915",10,30853,-122.027169801124,37.8260495411052,"1888915"
"86","Federal Hall","2057537",10,1850634,-74.0102613225406,40.7073229181766,"2057537"
"87","First Ladies","2035610",10,109709,-81.3759364096659,40.7966301493973,"2035610"
"88","Flight 93","1986830",10,2422983,-78.8945719974882,40.0606227026089,"1986830"
"89","Florissant Fossil Beds","191398",10,630602,-105.281835115205,38.9129296583097,"191398"
"90","Ford's Theatre","530748",10,6386916,-77.0256620353245,38.896670048646,"530748"
"91","Fort Bowie","1888916",10,86468,-109.451142364509,32.1492644779765,"1888916"
"92","Fort Caroline","282677",10,2724029,-81.5002759506179,30.3846112800068,"282677"
"93","Fort Davis","1357585",10,479136,-103.896199519496,30.5993088560297,"1357585"
"94","Fort Donelson","1284664",10,2419791,-87.8608883773487,36.4872892993767,"1284664"
"95","Fort Frederica","314290",10,2499336,-81.3898457751014,31.2235611146825,"314290"
"96","Fort Laramie","1597073",10,522881,-104.545919547407,42.2030231412417,"1597073"
"97","Fort Larned","475845",10,283987,-99.216983667223,38.1844976112746,"475845"
"98","Fort Matanzas","307963",10,6451233,-81.2386655147257,29.711411084357,"307963"
"99","Fort McHenry","595218",10,6452364,-76.5804438248577,39.2639610130553,"595218"
"100","Fort Necessity","1193713",10,2279492,-79.5886939458918,39.8100457612583,"1193713"
"101","Fort Point","1655639",10,15627386,-122.473730471194,37.8084051479849,"1655639"
"102","Fort Pulaski","314296",10,3805077,-80.943631706667,32.0347837830884,"314296"
"103","Fort Scott","480986",10,261629,-94.7044467294538,37.8436258768248,"480986"
"104","Fort Smith","56686",10,898229,-94.4312788158952,35.3883298899666,"56686"
"105","Fort Stanwix","1888919",10,996347,-75.4555783393792,43.2105430806385,"1888919"
"106","Fort Sumter","1222505",10,8189605,-79.8793365078185,32.7536006698811,"1222505"
"107","Fort Union","889156",10,103781,-105.012027080592,35.907377006592,"889156"
"108","Fort Union Trading Post","771520",10,133986,-104.038089920293,47.9989940911149,"771520"
"109","Fort Vancouver","1504974",10,8221203,-122.661652088207,45.6235658674052,"1504974"
"110","Fort Washington Park","597426",10,4087107,-77.0287531430826,38.7121847232463,"597426"
"111","Fossil Butte","1605065",10,183924,-110.76248710163,41.8563584791568,"1605065"
"112","Franklin Delano Roosevelt","1877541",10,28704541,-77.0431177199504,38.8834205243228,"1877541"
"113","Frederick Douglass","2733423",10,477887,-76.9850814676352,38.8629846213608,"2733423"
"114","Frederick Law Olmsted","1971618",10,59606,-71.1320683236791,42.3242801802397,"1971618"
"115","Fredericksburg and Spotsylvania","1488838",10,8256423,-77.7387692815134,38.3036484318115,"1488838"
"116","Friendship Hill","1888922",10,332766,-79.9252833362319,39.7754635394486,"1888922"
"117","Gates of the Arctic","1416040",40,440596,-153.386932250627,67.8770773547325,"1416040"
"118","Gates of the Arctic","1416040",40,440596,-154.915443812214,66.7798768806756,"1416040"
"119","Gateway","882894",10,76074388,-73.8614507886057,40.6027940958557,"882894"
"120","General Grant","2733424",10,982072,-73.9630771138693,40.8134426346051,"2733424"
"121","George Rogers Clark","447197",10,1237712,-87.5370131268208,38.6784094160172,"447197"
"122","George Washington Birthplace","1467038",10,1232900,-76.920794658766,38.1936382605138,"1467038"
"123","George Washington Carver","718402",10,370804,-94.3555307325164,36.9866484264109,"718402"
"124","George Washington Memorial Parkway","584569",10,74995495,-77.04955089696,38.7149940430514,"584569"
"125","Gettysburg","1175577",10,11805044,-77.2384710649026,39.8042971105236,"1175577"
"126","Gila Cliff Dwellings","928945",10,347296,-108.273306067559,33.2276152894074,"928945"
"127","Glacier","1803454",10,21979990,-113.800954093687,48.6843910150356,"1803454"
"128","Glacier Bay","1416041",40,18796708,-136.813136590904,58.7947813991098,"1416041"
"129","Glacier Bay","1416041",40,18796708,-138.351462821902,59.1313803082418,"1416041"
"130","Glen Canyon","23865",10,22353572,-110.802138628727,37.3980264507732,"23865"
"131","Golden Gate","255952",10,147188618,-122.55114122161,37.8588870874393,"255952"
"132","Golden Spike","1428242",10,464438,-112.493998180363,41.6310027228718,"1428242"
"133","Governors Island","2092022",10,3774746,-74.0168291276922,40.6916238948689,"2092022"
"134","Grand Canyon","23866",10,47107124,-112.185265360499,36.186725774098,"23866"
"135","Grand Portage","644333",10,891884,-89.7606956544956,47.999690677055,"644333"
"136","Grand Teton","1597571",10,27516892,-110.705478509491,43.8185421193918,"1597571"
"137","Grant-Kohrs Ranch","806847",10,198417,-112.746705034554,46.413761206367,"806847"
"138","Great Basin","862430",10,972132,-114.257990142115,38.9461794395961,"862430"
"139","Great Sand Dunes","2733443",40,11477724,-105.496737510179,37.8336936542369,"2733443"
"140","Great Sand Dunes","2733443",40,11477724,-105.628908699303,37.7766401496283,"2733443"
"141","Greenbelt Park","597496",10,1705613,-76.900693330725,38.98404152791,"597496"
"142","Guadalupe Mountains","1377201",10,1695729,-104.884356577208,31.9233894408517,"1377201"
"143","Guilford Courthouse","986193",10,3294872,-79.8418711197429,36.1330249613954,"986193"
"144","Gulf Islands","689020",10,41021647,-86.9099698081627,30.3730703804048,"689020"
"145","Hagerman Fossil Beds","395749",10,244203,-114.954011544881,42.7755809466687,"395749"
"146","Haleakala","358382",10,11181922,-156.148585794886,20.7072889510407,"358382"
"147","Hamilton Grange","2083660",10,187181,-73.9472926522919,40.821359865707,"2083660"
"148","Hampton","584846",10,340890,-76.5882277927176,39.4165856682968,"584846"
"149","Harpers Ferry","1556735",10,2701889,-77.7419579002813,39.3128696897816,"1556735"
"150","Harry S Truman","2463113",10,304016,-94.5305842947069,38.9011991265184,"2463113"
"151","Hawai'i Volcanoes","365210",10,15108594,-155.602869609988,19.3776370049489,"365210"
"152","Herbert Hoover","457629",10,1376954,-91.3515103099103,41.6673910319691,"457629"
"153","Home of Franklin D Roosevelt","1888929",10,1463021,-73.9267191837716,41.7680498922883,"1888929"
"154","Homestead","830099",10,763744,-96.8340337154214,40.287971228637,"830099"
"155","Hopewell Culture","1888931",10,370127,-83.1351992041861,39.2794017173982,"1888931"
"156","Hopewell Furnace","1193717",10,511682,-75.7681181299732,40.2060815542954,"1193717"
"157","Horseshoe Bend","149966",10,681932,-85.7341404375545,32.9766950130906,"149966"
"158","Hot Springs","56796",10,13546337,-93.0897285197262,34.5111273492822,"56796"
"159","Hovenweep","202599",10,289229,-109.073000854605,37.3853659740954,"202599"
"160","Hubbell Trading Post","6092",10,765056,-109.559962235593,35.707278812305,"6092"
"161","Indiana Dunes","446903",10,18204232,-87.0325153974331,41.6614276783585,"446903"
"162","James A. Garfield","1888932",10,265238,-81.3508694030905,41.6648736290431,"1888932"
"163","Jean Lafitte","560393",10,3899038,-90.147220664331,29.8191848302278,"560393"
"164","Jefferson","765817",10,21057022,-90.1756354750579,38.6221234177162,"765817"
"165","Jewel Cave","1261888",10,1081631,-103.830004375116,43.7310364804693,"1261888"
"166","Jimmy Carter","1888934",10,701586,-84.4324121616496,32.0263239927346,"1888934"
"167","John D. Rockefeller, Jr.","1604577",10,12315275,-110.728051568674,44.0887199654086,"1604577"
"168","John Day Fossil Beds","1133439",10,1545604,-119.634332204494,44.5431596993921,"1133439"
"169","John Fitzgerald Kennedy","607138",10,181391,-71.1232390740989,42.3469456078312,"607138"
"170","John Muir","226274",10,369007,-122.132673727388,37.9826350424043,"226274"
"171","Johnstown Flood","1200751",10,1287149,-78.7767377417762,40.3449299043981,"1200751"
"172","Joshua Tree","277261",10,15727512,-115.860134293133,33.8271903379208,"277261"
"173","Kalaupapa","365030",10,604955,-156.92466426427,21.1546456539637,"365030"
"174","Kaloko-Honokohau","1879023",10,1507727,-156.03053019019,19.6808993527002,"1879023"
"175","Katmai","1416045",40,1652264,-154.97786495829,58.5658650333495,"1416045"
"176","Katmai","1416045",40,1652264,-155.31947555151,59.10704668806,"1416045"
"177","Kenai Fjords","1419645",10,2898278,-149.881546506819,59.9539206406577,"1419645"
"178","Kennesaw Mountain","310345",10,17892337,-84.5789300792585,33.9780673060804,"310345"
"179","Keweenaw","1888937",1,14612,-88.5687124719425,47.1381666956672,"1888937"
"180","Kings Canyon","255948",10,5665740,-118.587343618432,36.8990901385146,"255948"
"181","Kings Mountain","1223739",10,2627608,-81.3897905157193,35.1390140744584,"1223739"
"182","Klondike Gold Rush","1423115",10,9083975,-135.292658034383,59.6315954158038,"1423115"
"183","Knife River Indian Villages","1888938",10,180433,-101.383744547794,47.353011820635,"1888938"
"184","Kobuk Valley","1416046",10,80865,-159.063111632448,67.2826362934442,"1416046"
"185","Korean War Veterans Memorial","1985525",10,34757654,-77.0480796327705,38.8879291130471,"1985525"
"186","Lake Chelan","1528425",10,368639,-120.683756372623,48.3539071208519,"1528425"
"187","Lake Clark","1416049",40,467240,-154.568440746381,60.185299842672,"1416049"
"188","Lake Clark","1416049",40,467240,-153.248083687563,60.5542993485578,"1416049"
"189","Lake Mead","858265",10,70417513,-114.651914647439,35.7165023141282,"858265"
"190","Lake Roosevelt","1531834",10,13659366,-118.715168002806,47.9116458146954,"1531834"
"191","Lassen Volcanic","262325",10,4146095,-121.407214019463,40.4938343885511,"262325"
"192","Lava Beds","262358",10,1268931,-121.517809900471,41.7587695661037,"262358"
"193","Lewis and Clark","2055170",10,2316336,-124.067646876811,46.286189610103,"2055170"
"194","Lincoln Boyhood","446882",10,1288226,-86.9965738490269,38.1181772518704,"446882"
"195","Lincoln Home","1821086",10,3004714,-89.6451401041819,39.797163800342,"1821086"
"196","Lincoln Memorial","531835",10,61896789,-77.0501800775069,38.8892800792411,"531835"
"197","Little Bighorn Battlefield","806297",10,3064671,-107.428647815958,45.5650611794602,"806297"
"198","Little River Canyon","1888939",10,2391610,-85.597251010697,34.4519242357407,"1888939"
"199","Little Rock Central High School","2091841",10,824675,-92.2997575299792,34.7369611975615,"2091841"
"200","Longfellow","2733437",10,480058,-71.1263701738765,42.3769972104401,"2733437"
"201","Lyndon B. Johnson","1888941",10,1036845,-98.615165773511,30.2419839649303,"1888941"
"202","Lyndon Baines Johnson Grove","530776",10,3080906,-77.0514606222526,38.8785881390369,"530776"
"203","Maggie L. Walker","1780716",10,89868,-77.436750415945,37.5473357434404,"1780716"
"204","Mammoth Cave","507318",10,5096511,-86.1309069003164,37.1976116465446,"507318"
"205","Manassas","1470042",10,5720793,-77.5300417594604,38.8207807904059,"1470042"
"206","Manhattan Project","2775864",1,104715,-84.3933347171577,35.9354023767439,"2775864"
"207","Manzanar","1804731",10,833790,-118.154730119334,36.7255970991736,"1804731"
"208","Marsh-Billings-Rockefeller","1888942",10,357007,-72.5382397463402,43.6338314340603,"1888942"
"209","Martin Luther King Jr Memori","2002666",6,18802093,-77.0443993625247,38.8862898768537,"2002666"
"210","Martin Luther King Jr.","1704967",10,6606172,-84.3716975014383,33.7549265132068,"1704967"
"211","Martin Van Buren","1888943",10,202577,-73.7152965190935,42.3666724482829,"1888943"
"212","Mary McLeod Bethune Council House","2733422",10,131457,-77.0309674256803,38.9081911087711,"2733422"
"213","Mesa Verde","179042",10,5356478,-108.462404262137,37.2390890876667,"179042"
"214","Minute Man","600051",10,10366831,-71.2960421230719,42.4534092434694,"600051"
"215","Minuteman Missile","2733442",10,642051,-101.900442661614,43.8445838381767,"2733442"
"216","Mojave","1888945",10,5688204,-115.514374959758,35.1147794133509,"1888945"
"217","Monocacy","588388",10,451167,-77.4024695444385,39.3576984647687,"588388"
"218","Montezuma Castle","31964",10,5015332,-111.83662637222,34.6110260598417,"31964"
"219","Moores Creek","1025558",10,691449,-78.1103137251677,34.4582145722664,"1025558"
"220","Morristown","878495",10,2708084,-74.5356359090891,40.7645265977202,"878495"
"221","Mount Rainier","1528416",10,11648682,-121.704402928391,46.8607718396586,"1528416"
"222","Mount Rushmore","1262098",10,21677378,-103.452528909847,43.8803772943369,"1262098"
"223","Muir Woods","229295",10,9359592,-122.583964035123,37.8984686642497,"229295"
"224","Natchez","1888946",10,2070886,-91.3824558087215,31.5430252231432,"1888946"
"225","Natchez Trace","123648",10,58232566,-88.7954494422903,34.1864194919432,"123648"
"226","National Park of American Samoa","1966567",10,110517,-169.452806403674,-14.2368661920542,"1966567"
"227","Natural Bridges","1454484",10,914137,-110.002254561731,37.6045386980921,"1454484"
"228","Navajo","8538",10,714813,-110.536267478887,36.6854969039155,"8538"
"229","New Bedford Whaling","2733436",10,2572185,-70.9231966641938,41.6356565076537,"2733436"
"230","Nicodemus","2733440",10,31026,-99.6178505072453,39.3903671888188,"2733440"
"231","Ninety Six","1227788",10,682015,-82.0163643238575,34.1427424816667,"1227788"
"232","Niobrara","1888949",10,687001,-99.6319967565102,42.7258734346153,"1888949"
"233","Noatak","1413640",10,85891,-159.394514783442,68.1849657964727,"1413640"
"234","North Cascades","1528421",10,230844,-121.346488143864,48.833297508436,"1528421"
"235","Ocmulgee","1888951",10,1236237,-83.596763771625,32.8397446087211,"1888951"
"236","Olympic","1530459",10,30965763,-123.618473417334,47.7952033779385,"1530459"
"237","Oregon Caves","1147260",10,775373,-123.40165602178,42.1031445508893,"1147260"
"238","Organ Pipe Cactus","15492",10,2483015,-112.857342434891,32.0358603172125,"15492"
"239","Ozark","751466",10,13600839,-91.196032304034,37.1471939532715,"751466"
"240","Padre Island","1383785",10,5977345,-97.3410751758906,26.7058112132131,"1383785"
"241","Palo Alto Battlefield","1888952",10,377085,-97.4627292236417,26.0247479293887,"1888952"
"242","Paterson Great Falls","2053533",1,177498,-74.1802267987357,40.9159061569319,"2053533"
"243","Pea Ridge","53246",10,1001324,-94.0344520498212,36.4547879771843,"53246"
"244","Pecos","937161",10,365421,-105.674904718114,35.538127022753,"937161"
"245","Pennsylvania Avenue","2733439",10,1816831,-77.0177583836288,38.8928262761654,"2733439"
"246","Perry's Victory and International Peace Memorial","1082175",10,1335418,-82.8119087078673,41.6537984853911,"1082175"
"247","Petersburg","1498529",10,1828795,-77.363019103214,37.2280033255614,"1498529"
"248","Petrified Forest","23864",10,6600499,-109.674696615232,34.9886873028713,"23864"
"249","Petroglyph","920404",10,1160627,-106.752266314597,35.1342648044658,"920404"
"250","Pictured Rocks","634820",10,5546435,-86.3159448140412,46.5638407513202,"634820"
"251","Pinnacles","247533",10,2219789,-121.181008141035,36.4902427557171,"247533"
"252","Pipe Spring","9526",10,524360,-112.739868127172,36.8628321819799,"9526"
"253","Pipestone","649530",10,703292,-96.3247637008471,44.0135272178816,"649530"
"254","Piscataway Park","1676813",10,1938279,-77.0551179615728,38.6838991845384,"1676813"
"255","Point Reyes","234493",10,23249493,-122.879771200388,38.0551161979788,"234493"
"256","Port Chicago Naval Magazine","1967105",7,6349,-122.030173459645,38.0568597121343,"1967105"
"257","President William Jefferson Clinton Birthplace Home","2733433",6,60563,-93.5963674851553,33.6676266489763,"2733433"
"258","Prince William Forest Park","1472799",10,3336874,-77.3874215028253,38.5858482682947,"1472799"
"259","Pu'uhonua o Honaunau","358732",10,4213687,-155.899692168936,19.4090348589751,"358732"
"260","Pu'ukohola Heiau","1877550",10,1232658,-155.821177422066,20.0277253239675,"1877550"
"261","Rainbow Bridge","23944",10,843982,-110.965520987197,37.0778933772107,"23944"
"262","Richmond","1473199",10,1538714,-77.2823996650893,37.5780865762389,"1473199"
"263","River Raisin","2733434",6,511111,-83.3761836132317,41.9129722921406,"2733434"
"264","Rocky Mountain","204948",10,32936870,-105.69779081906,40.3559036305193,"204948"
"265","Roger Williams","1904107",10,526604,-71.4105673292846,41.8299040667302,"1904107"
"266","Rosie the Riveter/World War II Home Front","2026588",4,197850,-122.366548278874,37.9086732850779,"2026588"
"267","Ross Lake","1528419",10,6100307,-121.172798250749,48.7059004083425,"1528419"
"268","Russell Cave","126026",10,257736,-85.8185911645892,34.9708459455395,"126026"
"269","Sagamore Hill","970557",10,410056,-73.4966878275586,40.8855811149458,"970557"
"270","Saguaro","10683",10,6910498,-110.607915905781,32.178731259307,"10683"
"271","Saint Croix","1888958",10,4636312,-91.5784917538564,45.9802235948738,"1888958"
"272","Saint Croix Island","581971",4,48711,-67.1336359374449,45.1285976792776,"581971"
"273","Saint Paul's Church","1888959",10,159841,-73.8257741666661,40.8928434139302,"1888959"
"274","Saint-Gaudens","1888960",10,348008,-72.3740327232708,43.5004777104166,"1888960"
"275","Salem Maritime","1888961",10,6190015,-70.8868387724325,42.5196076811197,"1888961"
"276","Salinas Pueblo Mission","936877",10,311570,-106.08980950557,34.2594295251673,"936877"
"277","Salt River Bay","1993989",10,48559,-64.7551913239282,17.7790887547006,"1993989"
"278","San Antonio Missions","1377039",10,11165005,-98.4546751811763,29.3327357607912,"1377039"
"279","San Francisco Maritime","1877542",10,41685689,-122.424437983027,37.8100715267287,"1877542"
"280","San Juan Island","1534055",10,2659345,-123.004995259694,48.4621201394536,"1534055"
"281","Sand Creek Massacre","2127375",7,37313,-102.516963562006,38.5641483064803,"2127375"
"282","Santa Monica Mountains","277263",10,6357611,-118.720191889331,34.0837756783587,"277263"
"283","Saratoga","964487",10,752313,-73.6314333356692,42.9952161565227,"964487"
"284","Saugus Iron Works","600017",10,100667,-71.0076539831892,42.4683192975597,"600017"
"285","Scotts Bluff","833315",10,1218744,-103.707253070697,41.8347711570994,"833315"
"286","Sequoia","266000",10,10291427,-118.575213567817,36.5078579178692,"266000"
"287","Sitka","1417085",10,2085014,-135.315534894904,57.0471434744439,"1417085"
"288","Springfield Armory","1888963",10,181336,-72.5811266636158,42.1083129692409,"1888963"
"289","Statue Of Liberty","880864",10,36240662,-74.0411335038782,40.6983263653295,"880864"
"290","Sunset Crater Volcano","34968",10,1754551,-111.510387105426,35.3711486325527,"34968"
"291","Tallgrass Prairie","1888965",10,218486,-96.573823757505,38.4513515778614,"1888965"
"292","Thaddeus Kosciuszko","1888966",10,26002,-75.1473222182523,39.9434611860423,"1888966"
"293","Theodore Roosevelt","1033824",10,5826613,-103.459261626542,46.9536284106367,"1033824"
"294","Theodore Roosevelt Birthplace","2083047",10,138582,-73.9890141246332,40.7386013770501,"2083047"
"295","Theodore Roosevelt Inaugural","2035603",10,175507,-78.8724872652825,42.9014762836355,"2035603"
"296","Theodore Roosevelt Island","2733420",10,1397287,-77.0624214827193,38.8958494061089,"2733420"
"297","Thomas Jefferson Memorial","530557",10,25727925,-77.0363280176902,38.8810220880921,"530557"
"298","Thomas Stone","1888967",10,63935,-77.0378152729138,38.5293521438023,"1888967"
"299","Timpanogos Cave","1446610",10,1095192,-111.709406027085,40.4404032042525,"1446610"
"300","Tonto","35382",10,497628,-111.113573537932,33.6484346449691,"35382"
"301","Tumacacori","35519",10,395389,-111.047773261563,31.5728378094346,"35519"
"302","Tuskegee Airmen","2492338",10,321635,-85.679837718778,32.4553928244713,"2492338"
"303","Tuskegee Institute","158362",10,305350,-85.7044173184965,32.4296036919983,"158362"
"304","Tuzigoot","35601",10,978941,-112.027918048323,34.7729690694868,"35601"
"305","Ulysses S. Grant","2733425",10,412074,-90.3516987755,38.551830857803,"2733425"
"306","Upper Delaware","1888970",10,2590303,-75.0097166380366,41.5169688027039,"1888970"
"307","Valley Forge","1211947",10,16913026,-75.4446256909116,40.0989079380665,"1211947"
"308","Vanderbilt Mansion","968452",10,3911064,-73.9419471575229,41.7966162001896,"968452"
"309","Vietnam Veterans Memorial","531832",10,44758020,-77.0476596518255,38.8909707506762,"531832"
"310","Virgin Islands","1614406",10,4590741,-64.7419477411078,18.3427982397416,"1614406"
"311","Voyageurs","660491",10,2263355,-92.8374067410984,48.483439771094,"660491"
"312","Waco Mammoth","2775865",2,90061,-97.1760689847456,31.6046643690852,"2775865"
"313","Walnut Canyon","35848",10,1284885,-111.495041407064,35.1612304706626,"35848"
"314","War in the Pacific","1828962",10,2969846,144.65510931034,13.3900179530798,"1828962"
"315","Washington Monument","531850",10,4166329,-77.0354681488888,38.8886596046647,"531850"
"316","Washita Battlefield","1946144",10,119195,-99.704470140959,35.6208539599851,"1946144"
"317","Weir Farm","1888972",10,256880,-73.4564884780686,41.2567665765908,"1888972"
"318","Whiskeytown-Shasta-Trinity","277264",10,8023592,-122.602279329189,40.6136045554672,"277264"
"319","White House","2733430",10,5714959,-77.0365558557396,38.8970477853158,"2733430"
"320","White Sands","914261",10,4741453,-106.325360144525,32.7783412347884,"914261"
"321","Whitman Mission","1531185",10,538073,-118.465501451514,46.0426568792306,"1531185"
"322","William Howard Taft","1888973",10,214674,-84.5075940935442,39.1197110407433,"1888973"
"323","Wilson's Creek","735922",10,1607117,-93.4096823168905,37.099828123008,"735922"
"324","Wind Cave","1263056",10,5701816,-103.439166646207,43.5801494435318,"1263056"
"325","Wolf Trap Farm Park","1888974",10,4503848,-77.2635564698955,38.9379397820468,"1888974"
"326","Women's Rights","1888975",10,291256,-76.8445160800246,42.9026286361832,"1888975"
"327","World War II Memorial","1989142",10,42319806,-77.0403781914532,38.8892469596001,"1989142"
"328","World War II Valor in the Pacific","2733431",10,15860941,NA,NA,NA
"329","Wrangell-St. Elias","1416055",40,2865664,-142.132011453272,60.6943180714451,"1416055"
"330","Wrangell-St. Elias","1416055",40,2865664,-142.576068303524,62.2375562735554,"1416055"
"331","Wright Brothers","1027483",10,4661087,-75.6702220692963,36.0162188522199,"1027483"
"332","Wupatki","38197",10,2173497,-111.403647220008,35.5611840969483,"38197"
"333","Yellowstone","1609331",10,35051751,-110.547181557799,44.5982507306391,"1609331"
"334","Yosemite","255923",10,39131537,-119.557200054614,37.8488380425135,"255923"
"335","Yukon-Charley Rivers","1416058",10,40785,-142.796028236338,65.093563414076,"1416058"
"336","Zion","1455157",10,30488977,-113.026525324617,37.298398099831,"1455157"
